id,clave,descripcion
catalogos_clave_prod_stcc1,01,Productos agrícolas
catalogos_clave_prod_stcc2,011,Cultivos de campo
catalogos_clave_prod_stcc3,0112,Algodón en bruto
catalogos_clave_prod_stcc4,01131,Cebada
catalogos_clave_prod_stcc5,01132,Maíz
catalogos_clave_prod_stcc6,01133,Avena
catalogos_clave_prod_stcc7,01134,Arroz
catalogos_clave_prod_stcc8,01135,Centeno
catalogos_clave_prod_stcc9,01136,Sorgo
catalogos_clave_prod_stcc10,01137,Trigo
catalogos_clave_prod_stcc11,01139,Grano
catalogos_clave_prod_stcc12,0114,"Semillas oleaginosas, nueces y granos"
catalogos_clave_prod_stcc13,01144,Soja
catalogos_clave_prod_stcc14,0115,Semillas de campo excluidas semillas oleaginosas
catalogos_clave_prod_stcc15,0119,Cultivos de campo misceláneos
catalogos_clave_prod_stcc16,01193,Tabaco de hoja
catalogos_clave_prod_stcc17,01195,Patatas distintas de las dulces
catalogos_clave_prod_stcc18,01197,Remolacha azucarera
catalogos_clave_prod_stcc19,012,Frutas frescas y nueces de árbol
catalogos_clave_prod_stcc20,0121,Frutas cítricas
catalogos_clave_prod_stcc21,0122,Frutos caducifolios
catalogos_clave_prod_stcc22,01221,Manzanas
catalogos_clave_prod_stcc23,01224,Uvas
catalogos_clave_prod_stcc24,01226,Melocotones
catalogos_clave_prod_stcc25,0123,Frutas tropicales excluidos cítricos
catalogos_clave_prod_stcc26,01232,Plátanos
catalogos_clave_prod_stcc27,0129,Varias frutas frescas y nueces
catalogos_clave_prod_stcc28,01295,Café verde
catalogos_clave_prod_stcc29,013,Vegetales frescos
catalogos_clave_prod_stcc30,0131,"Bulbos, raíces y tubérculos"
catalogos_clave_prod_stcc31,01318,Cebollas secas
catalogos_clave_prod_stcc32,0133,Verduras frescas de hoja
catalogos_clave_prod_stcc33,01334,Apio
catalogos_clave_prod_stcc34,01335,Lechuga
catalogos_clave_prod_stcc35,0134,"Semillas de verduras maduras secas, etc."
catalogos_clave_prod_stcc36,01341,Frijoles maduros secos
catalogos_clave_prod_stcc37,01342,Guisantes secos
catalogos_clave_prod_stcc38,0139,Verduras frescas varias
catalogos_clave_prod_stcc39,01392,Sandías
catalogos_clave_prod_stcc40,01394,Tomates
catalogos_clave_prod_stcc41,01398,Melones excluyendo sandías
catalogos_clave_prod_stcc42,014,Ganadería y ganadería
catalogos_clave_prod_stcc43,0141,Ganado
catalogos_clave_prod_stcc44,01411,Vacas
catalogos_clave_prod_stcc45,01413,"Porcinos, jabalíes y cerdos"
catalogos_clave_prod_stcc46,01414,Ovejas y corderos
catalogos_clave_prod_stcc47,0142,Granja lechera
catalogos_clave_prod_stcc48,0143,Fibras animales
catalogos_clave_prod_stcc49,01431,Lana
catalogos_clave_prod_stcc50,015,Aves de corral
catalogos_clave_prod_stcc51,0151,Aves de corral vivas
catalogos_clave_prod_stcc52,0152,Huevos de aves de corral
catalogos_clave_prod_stcc53,019,Productos agrícolas varios
catalogos_clave_prod_stcc54,0191,Especialidades hortícolas
catalogos_clave_prod_stcc55,0192,Especialidades animales
catalogos_clave_prod_stcc56,08,Productos extranjeros
catalogos_clave_prod_stcc57,084,"Gomas y cortezas, crudas"
catalogos_clave_prod_stcc58,08423,Látex y encías afines
catalogos_clave_prod_stcc59,086,Productos forestales diversos
catalogos_clave_prod_stcc60,09,Pescado fresco
catalogos_clave_prod_stcc61,091,Pescado fresco y productos marinos
catalogos_clave_prod_stcc62,0912,Pescado y ballena
catalogos_clave_prod_stcc63,09131,"Conchas (ostras, cangrejos, etc.)"
catalogos_clave_prod_stcc64,098,"Criaderos de peces, granjas"
catalogos_clave_prod_stcc65,10,Minerales metálicos
catalogos_clave_prod_stcc66,101,Minerales de hierro
catalogos_clave_prod_stcc67,10112,Beneficio de mineral de grado
catalogos_clave_prod_stcc68,102,Minerales de cobre
catalogos_clave_prod_stcc69,103,Minerales de plomo y zinc
catalogos_clave_prod_stcc70,1031,Minerales de plomo
catalogos_clave_prod_stcc71,1032,Minerales de zinc
catalogos_clave_prod_stcc72,104,Minerales de oro y plata
catalogos_clave_prod_stcc73,105,Minerales de bauxita y aluminio
catalogos_clave_prod_stcc74,106,Minerales de manganeso
catalogos_clave_prod_stcc75,107,Minerales de tungsteno
catalogos_clave_prod_stcc76,108,Minerales de cromo
catalogos_clave_prod_stcc77,109,Minerales metálicos misceláneos
catalogos_clave_prod_stcc78,11,Carbón
catalogos_clave_prod_stcc79,111,Antracita
catalogos_clave_prod_stcc80,11111,Antracita cruda
catalogos_clave_prod_stcc81,11112,Antracita limpia
catalogos_clave_prod_stcc82,112,Carbón bituminoso y lignito
catalogos_clave_prod_stcc83,1121,Carbón bituminoso
catalogos_clave_prod_stcc84,13,Petróleo crudo y gasolina natural
catalogos_clave_prod_stcc85,131,Petróleo crudo y GNL
catalogos_clave_prod_stcc86,132,Gasolina natural
catalogos_clave_prod_stcc87,14,Minerales no metálicos
catalogos_clave_prod_stcc88,141,"Piedra de dimensión, cantera"
catalogos_clave_prod_stcc89,142,Piedra triturada y rota
catalogos_clave_prod_stcc90,14211,Caliza agrícola
catalogos_clave_prod_stcc91,14212,Piedra fundente o cales
catalogos_clave_prod_stcc92,14219,Piedra triturada y rota
catalogos_clave_prod_stcc93,144,Arena y grava
catalogos_clave_prod_stcc94,14411,Arena (agregado y lastre)
catalogos_clave_prod_stcc95,14412,Grava (agregado y lastre)
catalogos_clave_prod_stcc96,14413,Arena industrial cruda
catalogos_clave_prod_stcc97,145,"Arcilla, cerámica y refractaria"
catalogos_clave_prod_stcc98,14511,Bentonita bruta
catalogos_clave_prod_stcc99,14512,Arcilla de fuego cruda
catalogos_clave_prod_stcc100,14514,Bola bruta y arcilla de caolín
catalogos_clave_prod_stcc101,147,Minerales químicos y fertilizantes
catalogos_clave_prod_stcc102,14711,Barita cruda
catalogos_clave_prod_stcc103,14713,"Borato crudo, potasa y soda"
catalogos_clave_prod_stcc104,14714,Roca de apatita y fosfato
catalogos_clave_prod_stcc105,14715,Sal de roca bruta
catalogos_clave_prod_stcc106,14716,Azufre crudo
catalogos_clave_prod_stcc107,149,Minerales no metálicos misceláneos
catalogos_clave_prod_stcc108,14911,Anhidrita bruta y yeso
catalogos_clave_prod_stcc109,14913,Asfalto y betunes nativos
catalogos_clave_prod_stcc110,14914,Piedra pómez y pumicita cruda
catalogos_clave_prod_stcc111,19,Artillería
catalogos_clave_prod_stcc112,191,"Armas, obuses y morteros"
catalogos_clave_prod_stcc113,192,"Municiones, más de 30 mm"
catalogos_clave_prod_stcc114,193,Vehículos de combate con orugas completas
catalogos_clave_prod_stcc115,194,Equipo de avistamiento y control de incendios
catalogos_clave_prod_stcc116,195,"Brazos pequeños, LTE 30 mm"
catalogos_clave_prod_stcc117,196,"Munición para armas pequeñas, LTE 30 mm"
catalogos_clave_prod_stcc118,199,Miscelánea de municiones y accesorios
catalogos_clave_prod_stcc119,20,Productos alimenticios
catalogos_clave_prod_stcc120,201,Carne y aves de corral
catalogos_clave_prod_stcc121,2011,"Carne, fresca o refrigerada"
catalogos_clave_prod_stcc122,2012,Carne fresca congelada
catalogos_clave_prod_stcc123,2013,Productos de carne
catalogos_clave_prod_stcc124,2014,Subproductos animales no comestibles
catalogos_clave_prod_stcc125,20141,"Cueros y pieles, sin curtir"
catalogos_clave_prod_stcc126,2015,Aves frescas aliñadas
catalogos_clave_prod_stcc127,2016,Aves de corral congeladas
catalogos_clave_prod_stcc128,2017,Aves procesadas y caza menor
catalogos_clave_prod_stcc129,202,Productos lácteos
catalogos_clave_prod_stcc130,2021,Crema de mantequilla
catalogos_clave_prod_stcc131,2023,Evaporar leche en polvo condensada
catalogos_clave_prod_stcc132,2024,Helados y postres helados
catalogos_clave_prod_stcc133,2025,Queso y lácteos especiales prd
catalogos_clave_prod_stcc134,2026,Leche y nata procesadas
catalogos_clave_prod_stcc135,203,Alimentos enlatados y en conserva
catalogos_clave_prod_stcc136,2031,Mariscos enlatados y curados
catalogos_clave_prod_stcc137,2032,Especialidades enlatadas
catalogos_clave_prod_stcc138,2033,"Frutas, verduras y mermeladas enlatadas"
catalogos_clave_prod_stcc139,2034,Frutas y verduras secas y deshidratadas
catalogos_clave_prod_stcc140,2035,"Frutas y verduras en escabeche, salsas"
catalogos_clave_prod_stcc141,2036,Pescado envasado
catalogos_clave_prod_stcc142,2037,"Frutas, jugos y verduras congeladas"
catalogos_clave_prod_stcc143,2038,Especialidades congeladas
catalogos_clave_prod_stcc144,2039,Frutas y verduras enlatadas y en conserva
catalogos_clave_prod_stcc145,204,Productos de molino de grano
catalogos_clave_prod_stcc146,2041,Molino de harina y otros granos prd
catalogos_clave_prod_stcc147,20411,Harina de trigo excl. Mezclada
catalogos_clave_prod_stcc148,20412,Salvado de trigo
catalogos_clave_prod_stcc149,20421,Pienso preparado para animales
catalogos_clave_prod_stcc150,20423,Alimentos enlatados para animales
catalogos_clave_prod_stcc151,2043,Preparaciones de cereales
catalogos_clave_prod_stcc152,2044,"Harina, harina y arroz molidos"
catalogos_clave_prod_stcc153,2045,Harina mezclada y preparada
catalogos_clave_prod_stcc154,2046,Productos de molienda de maíz húmedo
catalogos_clave_prod_stcc155,20461,Jarabe de maíz
catalogos_clave_prod_stcc156,20462,Maicena
catalogos_clave_prod_stcc157,20463,Azúcar de maíz
catalogos_clave_prod_stcc158,20471,Alimentos para mascotas no enlatados
catalogos_clave_prod_stcc159,20472,Alimentos enlatados para mascotas
catalogos_clave_prod_stcc160,205,Productos de panadería
catalogos_clave_prod_stcc161,206,Azúcar
catalogos_clave_prod_stcc162,2061,Prd y subproductos de molino de azúcar
catalogos_clave_prod_stcc163,20611,Azúcar crudo de caña y remolacha
catalogos_clave_prod_stcc164,20616,"Melazas de azúcar, exc blackstrap"
catalogos_clave_prod_stcc165,20617,Melaza
catalogos_clave_prod_stcc166,2062,Azúcar refinado de caña y remolacha
catalogos_clave_prod_stcc167,20625,Subproductos del refino de azúcar
catalogos_clave_prod_stcc168,20626,"Pulpa, melaza, remolacha"
catalogos_clave_prod_stcc169,207,Confitería y prd relacionados
catalogos_clave_prod_stcc170,208,Bebidas y extractos
catalogos_clave_prod_stcc171,20821,"Cerveza, ale, porter, grueso"
catalogos_clave_prod_stcc172,20823,Cerveceros granos gastados
catalogos_clave_prod_stcc173,2083,Malta
catalogos_clave_prod_stcc174,2084,"Vinos, brandy, licores"
catalogos_clave_prod_stcc175,20851,Licores destilados y mezclados
catalogos_clave_prod_stcc176,20859,Destilados de licor
catalogos_clave_prod_stcc177,2086,Refrescos enlatados
catalogos_clave_prod_stcc178,2087,Extractos misceláneos sin chocolate
catalogos_clave_prod_stcc179,209,Preparaciones alimenticias diversas
catalogos_clave_prod_stcc180,20911,Aceite de algodón
catalogos_clave_prod_stcc181,20914,Pastel o harina de semillas de algodón
catalogos_clave_prod_stcc182,20921,Aceite de soja
catalogos_clave_prod_stcc183,20923,Pastel o harina de soja
catalogos_clave_prod_stcc184,2093,Aceites vegetales y de nueces
catalogos_clave_prod_stcc185,2094,Grasas y aceites marinos
catalogos_clave_prod_stcc186,2095,Café tostado
catalogos_clave_prod_stcc187,2096,"Manteca, aceites de mesa, etc."
catalogos_clave_prod_stcc188,2097,"Hielo, natural o elaborado"
catalogos_clave_prod_stcc189,2098,"Macarrones, espaguetis, etc."
catalogos_clave_prod_stcc190,21,Productos de tabaco
catalogos_clave_prod_stcc191,211,Cigarrillos
catalogos_clave_prod_stcc192,212,Puros
catalogos_clave_prod_stcc193,213,Mascar y fumar tabaco
catalogos_clave_prod_stcc194,214,Tabaco despalillado y resecado
catalogos_clave_prod_stcc195,22,Productos textiles para fábricas
catalogos_clave_prod_stcc196,221,Tejidos anchos de algodón
catalogos_clave_prod_stcc197,222,Fibra y seda artificiales
catalogos_clave_prod_stcc198,223,Tejidos anchos de lana
catalogos_clave_prod_stcc199,224,Tejidos estrechos
catalogos_clave_prod_stcc200,225,Tejidos de punto
catalogos_clave_prod_stcc201,227,"Revestimientos de suelo, textiles"
catalogos_clave_prod_stcc202,228,Hilo e hilo
catalogos_clave_prod_stcc203,229,Productos textiles diversos
catalogos_clave_prod_stcc204,2296,Cordones y tejidos para neumáticos
catalogos_clave_prod_stcc205,2297,Lana y mohair
catalogos_clave_prod_stcc206,2298,Cordaje y bramante
catalogos_clave_prod_stcc207,23,Ropa y otros textiles acabados
catalogos_clave_prod_stcc208,231,Ropa para hombres y niños
catalogos_clave_prod_stcc209,233,"Ropa para mujeres, niñas y bebés"
catalogos_clave_prod_stcc210,235,"Sombrerería, sombreros y gorras"
catalogos_clave_prod_stcc211,237,Artículos de piel
catalogos_clave_prod_stcc212,238,Ropa y accesorios misceláneos
catalogos_clave_prod_stcc213,239,Textil fabricado misceláneo
catalogos_clave_prod_stcc214,24,Madera y productos de madera
catalogos_clave_prod_stcc215,241,Productos forestales primarios
catalogos_clave_prod_stcc216,24114,Troncos de madera para pasta
catalogos_clave_prod_stcc217,24115,Astillas de madera
catalogos_clave_prod_stcc218,24116,"Postes, postes y pilotes de madera"
catalogos_clave_prod_stcc219,242,Aserradero y cepillado prd
catalogos_clave_prod_stcc220,2421,Stock de madera y dimensiones
catalogos_clave_prod_stcc221,24212,Corbatas aserradas
catalogos_clave_prod_stcc222,2429,Varios aserradores y plng mill prd
catalogos_clave_prod_stcc223,243,"Carpintería, chapa, madera contrachapada"
catalogos_clave_prod_stcc224,2431,Carpintería
catalogos_clave_prod_stcc225,2432,Chapa y madera contrachapada
catalogos_clave_prod_stcc226,244,Contenedores de madera
catalogos_clave_prod_stcc227,249,Productos de madera diversos
catalogos_clave_prod_stcc228,2491,Madera creosotada o tratada con aceite
catalogos_clave_prod_stcc229,25,Muebles y Accesorios
catalogos_clave_prod_stcc230,251,Mobiliario de hogar y oficina
catalogos_clave_prod_stcc231,253,Edificio público y mobiliario rltd
catalogos_clave_prod_stcc232,254,"Tabiques, estanterías, taquillas"
catalogos_clave_prod_stcc233,259,Mobiliario y accesorios varios
catalogos_clave_prod_stcc234,26,Productos de pulpa y papel
catalogos_clave_prod_stcc235,261,Productos de pulpa y plantas de celulosa
catalogos_clave_prod_stcc236,26111,Pulpa
catalogos_clave_prod_stcc237,262,"Papel, excepto papel de construcción"
catalogos_clave_prod_stcc238,26211,Papel prensa
catalogos_clave_prod_stcc239,26212,"Papel para madera molida, sin revestimiento"
catalogos_clave_prod_stcc240,26213,Papel para imprimir
catalogos_clave_prod_stcc241,26214,Papel de regalo
catalogos_clave_prod_stcc242,26217,Papel industrial especial
catalogos_clave_prod_stcc243,26218,Stock de tejido sanitario
catalogos_clave_prod_stcc244,263,"Cartón, pulpbrd y fiberbrd"
catalogos_clave_prod_stcc245,264,Papel y papel convertidos brd prd
catalogos_clave_prod_stcc246,2643,Bolsas de papel
catalogos_clave_prod_stcc247,26471,Tejidos sanitarios / salud prd
catalogos_clave_prod_stcc248,265,Envases de cartón
catalogos_clave_prod_stcc249,266,Papel de construcción y cartón para edificios
catalogos_clave_prod_stcc250,26613,Tablero
catalogos_clave_prod_stcc251,27,Impresos
catalogos_clave_prod_stcc252,271,Periódicos
catalogos_clave_prod_stcc253,272,Publicaciones periódicas
catalogos_clave_prod_stcc254,273,Libros
catalogos_clave_prod_stcc255,274,Material impreso misceláneo
catalogos_clave_prod_stcc256,276,Formularios comerciales múltiples
catalogos_clave_prod_stcc257,277,"Tarjetas de felicitación, sellos, etiquetas."
catalogos_clave_prod_stcc258,278,"Libros en blanco, carpetas de hojas sueltas"
catalogos_clave_prod_stcc259,279,Productos de industrias de servicios
catalogos_clave_prod_stcc260,28,Químicos
catalogos_clave_prod_stcc261,281,"Productos químicos industriales, org / inorg"
catalogos_clave_prod_stcc262,2812,"Sodio, ptsm y otros químicos inorgánicos"
catalogos_clave_prod_stcc263,28123,"Sodio cpd, exc alcalinos"
catalogos_clave_prod_stcc264,2813,Gases industriales comprimidos
catalogos_clave_prod_stcc265,2814,Prd crudo de alquitrán de carbón
catalogos_clave_prod_stcc266,2816,Pigmentos inorgánicos
catalogos_clave_prod_stcc267,2818,Sustancias químicas orgánicas diversas
catalogos_clave_prod_stcc268,28184,Alcoholes
catalogos_clave_prod_stcc269,2819,Varios productos químicos de inorg industriales
catalogos_clave_prod_stcc270,28193,Ácido sulfurico
catalogos_clave_prod_stcc271,282,Plásticos y resinas sintéticas
catalogos_clave_prod_stcc272,28212,Caucho sintético
catalogos_clave_prod_stcc273,28213,Fibras sintéticas
catalogos_clave_prod_stcc274,283,Medicamentos y farmacéuticos prd
catalogos_clave_prod_stcc275,284,Preparaciones de limpieza y jabón
catalogos_clave_prod_stcc276,2841,Jabón y otros detergentes
catalogos_clave_prod_stcc277,285,"Pinturas, barnices y lacas"
catalogos_clave_prod_stcc278,286,Productos químicos de goma y madera
catalogos_clave_prod_stcc279,287,Químicos agriculturales
catalogos_clave_prod_stcc280,2871,Fertilizantes
catalogos_clave_prod_stcc281,289,Productos químicos misceláneos
catalogos_clave_prod_stcc282,2892,Explosivos
catalogos_clave_prod_stcc283,28991,Sal común
catalogos_clave_prod_stcc284,29,Productos de petróleo y carbón
catalogos_clave_prod_stcc285,291,Productos de refino de petróleo
catalogos_clave_prod_stcc286,29111,"Gasolina, combustible para aviones, etc."
catalogos_clave_prod_stcc287,29112,Queroseno
catalogos_clave_prod_stcc288,29113,Aceite combustible destilado
catalogos_clave_prod_stcc289,29114,Aceites lubricantes y similares
catalogos_clave_prod_stcc290,29115,Grasas lubricantes
catalogos_clave_prod_stcc291,29116,"Asfalto, alquitrán y brea"
catalogos_clave_prod_stcc292,29117,Aceite combustible residual
catalogos_clave_prod_stcc293,29119,"Prd de refino de gasolina, nec"
catalogos_clave_prod_stcc294,2912,Gases licuados del petróleo
catalogos_clave_prod_stcc295,295,Materiales de pavimentación y techado
catalogos_clave_prod_stcc296,2951,Bloques y mezclas de pavimento de asfalto
catalogos_clave_prod_stcc297,2952,Fieltro y revestimientos asfálticos
catalogos_clave_prod_stcc298,299,Varios petróleo y carbón
catalogos_clave_prod_stcc299,29911,Briquetas de carbón y coque
catalogos_clave_prod_stcc300,29913,Coque de gasolina sin briquetas
catalogos_clave_prod_stcc301,29914,Coque producido a partir del carbón
catalogos_clave_prod_stcc302,30,Productos de caucho y plástico
catalogos_clave_prod_stcc303,301,Neumáticos y cámaras de aire
catalogos_clave_prod_stcc304,302,Calzado de caucho y plástico
catalogos_clave_prod_stcc305,303,Caucho recuperado
catalogos_clave_prod_stcc306,304,Mangueras y correas de caucho y plástico
catalogos_clave_prod_stcc307,306,Caucho fabricado misceláneo
catalogos_clave_prod_stcc308,307,Productos diversos de plástico
catalogos_clave_prod_stcc309,31,Cuero y productos de cuero
catalogos_clave_prod_stcc310,311,Cuero
catalogos_clave_prod_stcc311,312,Cinturones de cuero industriales
catalogos_clave_prod_stcc312,313,Stock de corte de bota y zapato
catalogos_clave_prod_stcc313,314,"Calzado, excepto caucho o plástico"
catalogos_clave_prod_stcc314,315,Guantes y manoplas de cuero
catalogos_clave_prod_stcc315,316,"Equipaje, bolsos"
catalogos_clave_prod_stcc316,319,Marroquinería miscelánea
catalogos_clave_prod_stcc317,32,"Productos de piedra, arcilla y vidrio"
catalogos_clave_prod_stcc318,321,Vidrio plano
catalogos_clave_prod_stcc319,322,Vidrio y cristalería
catalogos_clave_prod_stcc320,3221,Contenedores de vidrio
catalogos_clave_prod_stcc321,324,Cemento hidráulico
catalogos_clave_prod_stcc322,32411,"Cemento, hydlc, portland, nat"
catalogos_clave_prod_stcc323,325,Productos de arcilla estructural
catalogos_clave_prod_stcc324,3251,Ladrillos y teja de arcilla estructural
catalogos_clave_prod_stcc325,32511,"Ladrillos y bloques, arcilla y pizarra"
catalogos_clave_prod_stcc326,3253,Baldosas y baldosas de cerámica
catalogos_clave_prod_stcc327,3255,"Refractarios, arcilla y no arcilla."
catalogos_clave_prod_stcc328,3259,Productos misceláneos de arcilla estructural
catalogos_clave_prod_stcc329,32594,Teja de arcilla
catalogos_clave_prod_stcc330,326,Cerámica y productos relacionados
catalogos_clave_prod_stcc331,327,"Hormigón, yeso y yeso prd"
catalogos_clave_prod_stcc332,3271,Prd de hormigón
catalogos_clave_prod_stcc333,3274,Yeso de cal y cal
catalogos_clave_prod_stcc334,3275,Productos de yeso
catalogos_clave_prod_stcc335,328,Cortar piedra y productos de piedra
catalogos_clave_prod_stcc336,329,"Abrasivos, amianto y misceláneas"
catalogos_clave_prod_stcc337,3291,Productos abrasivos
catalogos_clave_prod_stcc338,3295,Tierras o minerales no metidos
catalogos_clave_prod_stcc339,33,Productos de metales primarios
catalogos_clave_prod_stcc340,331,Acerías y laminación prd
catalogos_clave_prod_stcc341,33111,Arrabio
catalogos_clave_prod_stcc342,33112,Escoria de horno
catalogos_clave_prod_stcc343,33119,Horno de coque y blast furn prd
catalogos_clave_prod_stcc344,3312,Prd de hierro y acero primario
catalogos_clave_prod_stcc345,33121,Lingote de acero y semiacabado
catalogos_clave_prod_stcc346,3313,Prd electrometalúrgico
catalogos_clave_prod_stcc347,3315,"Alambre de acero, clavos y púas"
catalogos_clave_prod_stcc348,332,Fundiciones de hierro y acero
catalogos_clave_prod_stcc349,33211,Tubo de fundición de hierro y acero
catalogos_clave_prod_stcc350,333,Productos de fundición no ferrosos
catalogos_clave_prod_stcc351,3331,"Cobre, latón o bronce"
catalogos_clave_prod_stcc352,3332,Productos de fundición de plomo
catalogos_clave_prod_stcc353,3333,Productos de fundición de zinc
catalogos_clave_prod_stcc354,3334,Productos de fundición de aluminio
catalogos_clave_prod_stcc355,335,Formas básicas de metales no ferrosos
catalogos_clave_prod_stcc356,3351,"Cobre, latón o bronce"
catalogos_clave_prod_stcc357,3352,Aluminio
catalogos_clave_prod_stcc358,3357,Metal no ferroso y aislado
catalogos_clave_prod_stcc359,336,Piezas fundidas no ferrosas
catalogos_clave_prod_stcc360,3361,Aleación a base de aluminio y alumbre
catalogos_clave_prod_stcc361,3362,"Latón, bronce, cobre y cba"
catalogos_clave_prod_stcc362,339,Productos varios de metales primarios
catalogos_clave_prod_stcc363,3391,Forjas de hierro y acero
catalogos_clave_prod_stcc364,3392,Forjas de metales no ferrosos
catalogos_clave_prod_stcc365,34,Productos de metal fabricados
catalogos_clave_prod_stcc366,341,Latas de metal
catalogos_clave_prod_stcc367,342,"Cubiertos, herramientas manuales y ferretería"
catalogos_clave_prod_stcc368,343,Fontanería fxtrs y calefacción
catalogos_clave_prod_stcc369,3433,"Equipo de calefacción, exc eléctrico"
catalogos_clave_prod_stcc370,344,Prd metal estructural fabricado
catalogos_clave_prod_stcc371,3441,Productos metálicos estructurales fabricados
catalogos_clave_prod_stcc372,34411,Hierro o acero estructural fabricado
catalogos_clave_prod_stcc373,345,"Pernos, tuercas, tornillos, remaches"
catalogos_clave_prod_stcc374,346,Estampado de metal
catalogos_clave_prod_stcc375,348,Productos diversos de alambre fabricado
catalogos_clave_prod_stcc376,349,Productos metálicos diversos
catalogos_clave_prod_stcc377,3491,Contenedores de transporte metálicos
catalogos_clave_prod_stcc378,3494,Válvulas y accesorios de tubería
catalogos_clave_prod_stcc379,35,"Maquinaria, excepto eléctrica"
catalogos_clave_prod_stcc380,351,Motores y turbinas
catalogos_clave_prod_stcc381,352,Maquinaria y equipo agrícola
catalogos_clave_prod_stcc382,3524,Tractores y equipos de jardín
catalogos_clave_prod_stcc383,353,"Construcción, minería y materiales hndlng"
catalogos_clave_prod_stcc384,3531,Maquinaria y equipo de construcción
catalogos_clave_prod_stcc385,3532,Maquinaria y equipo para minería
catalogos_clave_prod_stcc386,3533,Maquinaria y equipo para campos petroleros
catalogos_clave_prod_stcc387,3537,Camiones y tractores industriales
catalogos_clave_prod_stcc388,354,Maquinaria y equipo para metalurgia
catalogos_clave_prod_stcc389,355,Maquinaria industrial especial
catalogos_clave_prod_stcc390,356,Maquinaria industrial general
catalogos_clave_prod_stcc391,357,Equipo de oficina e informática
catalogos_clave_prod_stcc392,358,Máquinas de la industria de servicios
catalogos_clave_prod_stcc393,359,"Maquinaria no eléctrica, nec"
catalogos_clave_prod_stcc394,36,"Maquina eléctrica, equipo y alimentación"
catalogos_clave_prod_stcc395,361,Equipo de transmisión y distribución eléctrica
catalogos_clave_prod_stcc396,362,Aparatos industriales eléctricos
catalogos_clave_prod_stcc397,363,Electrodomésticos
catalogos_clave_prod_stcc398,3631,Equipo de cocina para el hogar
catalogos_clave_prod_stcc399,3632,Refrigeradores y congeladores domésticos
catalogos_clave_prod_stcc400,3633,Equipo de lavandería para el hogar
catalogos_clave_prod_stcc401,364,Equipo de iluminación y cableado eléctrico
catalogos_clave_prod_stcc402,365,Aparatos de radio y televisión
catalogos_clave_prod_stcc403,366,Equipo de comunicación
catalogos_clave_prod_stcc404,367,Componentes electrónicos
catalogos_clave_prod_stcc405,369,Varios equipos eléctricos
catalogos_clave_prod_stcc406,37,Equipo de transporte
catalogos_clave_prod_stcc407,371,Vehículos de motor y equipar
catalogos_clave_prod_stcc408,3711,Vehículos de motor ensamblados
catalogos_clave_prod_stcc409,37111,Carros pasajeros
catalogos_clave_prod_stcc410,37112,Camiones tractores y camiones
catalogos_clave_prod_stcc411,37113,"Autocares, asd, departamento de bomberos"
catalogos_clave_prod_stcc412,3712,Carrocerías de turismos
catalogos_clave_prod_stcc413,3713,Carrocerías de camiones y autobuses
catalogos_clave_prod_stcc414,3714,Piezas de vehículos de motor
catalogos_clave_prod_stcc415,37147,Partes de carrocería de vehículos de motor
catalogos_clave_prod_stcc416,3715,Remolques de camiones
catalogos_clave_prod_stcc417,372,Aeronaves y piezas
catalogos_clave_prod_stcc418,373,Barcos y embarcaciones
catalogos_clave_prod_stcc419,374,Equipo de ferrocarril
catalogos_clave_prod_stcc420,37422,Vagones de tren de mercancías
catalogos_clave_prod_stcc421,375,"Motocicletas, bicicletas y repuestos"
catalogos_clave_prod_stcc422,376,Piezas de vehículos espaciales
catalogos_clave_prod_stcc423,379,Transporte misceláneo
catalogos_clave_prod_stcc424,38,Instrumentos y artículos ópticos
catalogos_clave_prod_stcc425,381,"Instrucción de ingeniería, laboratorio y ciencias"
catalogos_clave_prod_stcc426,382,"Manómetros, medidores y controles"
catalogos_clave_prod_stcc427,383,Instrumentos ópticos y lentes
catalogos_clave_prod_stcc428,384,"Instrucción quirúrgica, médica y dental"
catalogos_clave_prod_stcc429,385,Productos oftálmicos u ópticos
catalogos_clave_prod_stcc430,386,Equipo y suministros fotográficos
catalogos_clave_prod_stcc431,387,"Relojes, relojes, dispositivos y piezas"
catalogos_clave_prod_stcc432,39,Productos de fabricación misceláneos
catalogos_clave_prod_stcc433,391,"Joyas, platería y baño"
catalogos_clave_prod_stcc434,393,Instrumentos musicales y partes
catalogos_clave_prod_stcc435,394,"Juguetes, diversión y equipamiento deportivo"
catalogos_clave_prod_stcc436,3949,Artículos deportivos y deportivos
catalogos_clave_prod_stcc437,395,"Bolígrafos, lápices y matl de oficina"
catalogos_clave_prod_stcc438,396,"Bisutería, novedades"
catalogos_clave_prod_stcc439,399,Productos manufacturados misceláneos
catalogos_clave_prod_stcc440,40,Materiales de desecho y desecho
catalogos_clave_prod_stcc441,401,Despojos mortales
catalogos_clave_prod_stcc442,402,"Desperdicios y desechos, excepto cenizas"
catalogos_clave_prod_stcc443,4021,"Chatarra, desechos y relaves de metal"
catalogos_clave_prod_stcc444,40211,"Desechos, desechos de hierro y acero"
catalogos_clave_prod_stcc445,4022,Desechos y desechos textiles
catalogos_clave_prod_stcc446,4024,Desechos y desperdicios de papel
catalogos_clave_prod_stcc447,4026,Residuos y desechos de caucho y plástico
catalogos_clave_prod_stcc448,41,Envíos de carga misceláneos
catalogos_clave_prod_stcc449,411,Envíos de carga misceláneos
catalogos_clave_prod_stcc450,41111,Conjuntos o kits
catalogos_clave_prod_stcc451,41114,"Artículos, usados, excl códigos"
catalogos_clave_prod_stcc452,41115,"Artículos, usados, rtd para reparación"
catalogos_clave_prod_stcc453,412,Productos varios
catalogos_clave_prod_stcc454,42,Contenedores y remolques vacíos
catalogos_clave_prod_stcc455,421,Envases vacíos nonrev
catalogos_clave_prod_stcc456,422,Remolques vacíos
catalogos_clave_prod_stcc457,423,Ingresos remolques vacíos
catalogos_clave_prod_stcc458,44,Tráfico de transporte de carga
catalogos_clave_prod_stcc459,441,Tráfico de transitarios
catalogos_clave_prod_stcc460,45,Transporte asociado o tráfico similar
catalogos_clave_prod_stcc461,451,Remitente de tráfico
catalogos_clave_prod_stcc462,46,Envíos mixtos misceláneos
catalogos_clave_prod_stcc463,461,Envíos mixtos misceláneos
catalogos_clave_prod_stcc464,462,"Envíos varios mixtos, 2 productos"
catalogos_clave_prod_stcc465,48,Residuos peligrosos
